,A,B,C,D
2000-01-01,-2.0410786758063613,-0.020900453479176847,0.4023987604005935,0.31340323346726795
2000-01-02,-1.113066175359508,-0.4902527032140652,0.09824228021157866,-1.2673949067706562
2000-01-03,-2.778710871609544,-0.4272314751405784,0.6754998131031803,-0.8539788295778027
2000-01-04,-2.150669202887964,-1.5289800285759036,1.4819408352114505,-1.483239317871844
2000-01-05,-1.5407128301070498,-1.066089326481058,1.82900730171818,-0.9739213900799143
2000-01-06,-1.8300226549749765,-2.6574972752564494,3.620549122208664,-0.919376167097989
2000-01-07,-1.0122257765136498,-2.007575410077516,2.3004293251262578,-0.7747944619302161
2000-01-08,1.025002356940223,-2.097160721762944,4.650477083030847,-1.2686294602621777
2000-01-09,1.4973988296070817,-3.4286487711476465,4.396686861356324,-0.39544539920817234
2000-01-10,3.233719919944053,-3.764277196400568,6.625452979936135,-0.698283482164705
2000-01-11,4.538230017147693,-5.319810404909664,5.462626335790349,0.2506067149455581
2000-01-12,3.246466814735089,-4.969793819817522,4.69870639817713,-1.423617147092437
2000-01-13,3.4919075380844045,-4.132872676025402,4.469570301765466,-0.4613032325707195
2000-01-14,3.761917693041753,-5.201066578818228,5.174175132227368,0.6940092844664346
2000-01-15,2.9611586745913128,-4.426603458812451,6.7415004143271435,0.34349614324570815
2000-01-16,2.433645098680188,-4.552216659083772,6.557529458096338,2.278537018594304
2000-01-17,2.9212767747048907,-4.916879347896821,8.639953163151821,2.441843826098191
2000-01-18,4.163329643144214,-5.511482705589005,6.837545233689237,3.4562023967506357
2000-01-19,5.54080298499829,-4.284513415231695,8.12601411752948,2.868716537114001
2000-01-20,4.194654495211465,-5.240046820850022,8.110689466242613,3.6534040110397696
2000-01-21,4.647840677344859,-4.034999022969276,7.5594505276338,2.8890220875487964
2000-01-22,4.232893862890843,-4.795603870558891,8.603549105081248,2.504387267784674
2000-01-23,3.917570903784888,-4.573688328762387,8.741671112413696,2.558586303155819
2000-01-24,4.462656512113398,-5.516185268992301,7.704766480296302,2.999081775302365
2000-01-25,4.974775867926614,-5.886269142784655,7.047974747292212,4.07922477941173
2000-01-26,6.083932642463033,-4.757669608056119,6.66658403732877,3.2846073407847154
2000-01-27,5.072928539952061,-4.626705004362179,6.374509170561014,4.286587367929045
2000-01-28,7.1352698429349815,-3.328426416634616,6.841616811824142,3.2268009236744346
2000-01-29,7.112189651105682,-3.980319976241229,7.429147968946052,1.821822861099853
2000-01-30,8.267976882488876,-2.9057302447221223,6.487063319926241,2.3696722875024574
2000-01-31,8.872435730458221,-2.333239383841648,7.002395891379142,1.8655128153567018
2000-02-01,7.88777787830134,-1.3264647200664244,6.923520531905366,2.3929315313241744
2000-02-02,8.745669991352871,-1.3722771656230768,8.44259719559748,2.3447709840015336
2000-02-03,10.186079666239255,-0.9020470775318424,9.027470298223253,1.1584736859750553
2000-02-04,10.721041209921617,-1.7942897740228858,9.78185636521214,1.3944534371865134
2000-02-05,10.218122749909456,0.6376965107352923,10.848373574363968,1.5533560697003974
2000-02-06,9.804635454257417,2.196989824989215,10.404244893210295,2.7399986651714787
2000-02-07,8.595925937973306,1.4222369342660488,9.96836347073999,1.7590556970444107
2000-02-08,7.621030299852606,0.32502458721017025,8.583076565943886,3.4238929068103987
2000-02-09,8.732071632924129,-0.2339208919259994,8.957178294410943,3.5070188738799692
2000-02-10,7.668139863954885,-0.15311454582198566,8.643480767953513,2.5225898826014634
2000-02-11,8.808275250140689,0.6434754878071578,8.310125802069505,2.787444974097477
2000-02-12,8.44732745381069,-0.167366892321419,7.9811773848093805,2.847921924720446
2000-02-13,7.388228215244722,-1.6667818665319776,7.285686848652093,3.454800349769043
2000-02-14,7.239122957876137,-3.3505818761470434,7.2669073448538795,4.696754578389822
2000-02-15,7.703482399643483,-1.4612651095627587,8.12128707838169,4.077337354784447
2000-02-16,9.236366734207394,-1.7469698073875022,8.194582256175314,5.659085598571868
2000-02-17,7.555360766122873,-1.770532715233404,8.977131932683891,5.994260662470041
2000-02-18,7.854712200348096,-0.4675693626701152,7.900674570642299,5.2537713437511
2000-02-19,6.757309129523758,-0.970535715606001,8.817249046455904,5.325574927299368
2000-02-20,7.642481454262814,-0.28096678402239195,10.337232706704258,4.548671091231133
2000-02-21,7.821994764295615,-1.0425644481892387,8.901119124584513,3.26728605519519
2000-02-22,8.270531111606278,-1.7070992774362876,7.867905713427031,2.914184204542961
2000-02-23,7.910740966065826,-1.100741890538696,5.992895843653912,2.665717841328127
2000-02-24,9.472521385179743,-0.6748655110817032,5.69353949302381,3.0514274544747675
2000-02-25,9.421381366647473,-0.5894851592095277,6.920410614709355,1.755675819641997
2000-02-26,8.10412777888621,-0.6819550085537043,6.5904874231807105,1.9451346164576788
2000-02-27,9.678531974476513,-0.20981218722096817,7.412750911385473,2.271527996852003
2000-02-28,9.153724523130098,0.6404683598537763,9.088722755565119,3.64601636971845
2000-02-29,10.278462359188117,0.9782987287542041,8.67864747820464,3.1842648456431606
2000-03-01,8.674430440903699,1.908635476869105,9.799094622950554,2.95618775998334
2000-03-02,8.98535566534215,2.682130700066297,9.983991932463798,1.8779344031373568
2000-03-03,9.266607142478508,1.404603477747178,10.483801329228317,1.2816488792659335
2000-03-04,8.086823683384864,2.867770716555696,10.222736736327828,1.7805265774754682
2000-03-05,7.719799609641235,2.0730994838833645,9.9823390908842,-0.7679835611316388
2000-03-06,9.542087783140971,2.23052195226962,11.153749477296001,-1.2374101578641463
2000-03-07,11.165799694158926,2.087353648783659,10.944912907218534,-1.8463828947377738
2000-03-08,10.399940550171799,2.0665365833852087,10.807294919068378,-2.371547019741783
2000-03-09,10.199207134902718,1.6454623112995912,11.069690553397496,-1.588782423305097
2000-03-10,9.215466184770708,3.9279758116108185,11.668526608818395,-1.515519599388607
2000-03-11,9.187282725508208,4.260346330659296,12.678063323207834,-0.9229474480628979
2000-03-12,9.06072085927582,4.945020836572446,12.691209727058476,-2.4872328222270066
2000-03-13,10.107165764425257,3.8699968023615496,13.68993798086354,-4.176068037827974
2000-03-14,9.721831340022367,3.4885261281733224,13.276863675020333,-5.10527023535826
2000-03-15,9.358476135454588,3.9727254767008007,11.242581042627524,-5.561364375203034
2000-03-16,10.703427577850274,4.496536700104512,10.747282594329763,-5.451062971753945
2000-03-17,10.428244255494478,4.13875939641887,10.478925397395756,-4.75100208836355
2000-03-18,10.423157167099243,2.8433780557664514,9.289891781534358,-5.4325365816901146
2000-03-19,13.223315926317902,2.723410917502938,9.613408963485451,-5.767996284666453
2000-03-20,12.555811076794079,3.5093937260393036,10.161763538799384,-5.050988162906796
2000-03-21,14.141684346167846,4.549578106914697,12.887520725680824,-4.770708237693299
2000-03-22,15.574958406896517,5.54820961708648,11.533209122468646,-5.165467478005571
2000-03-23,14.50844558594799,4.293267471423338,12.050512200075124,-4.1275557014904
2000-03-24,14.694246463437207,4.208065691766367,10.28611518805804,-4.3310581688857095
2000-03-25,14.662366562334915,5.3670129533476665,11.069101016177306,-3.93505881958664
2000-03-26,14.916192114304387,6.198725473695076,9.719927222108883,-3.138781244138826
2000-03-27,16.838153932369046,4.33358614694987,11.304387803564188,-3.3790147919260782
2000-03-28,17.147237420130836,5.450630926881464,9.977719745256083,-4.491760222522407
2000-03-29,15.705501389209545,5.409719336020645,12.235813618050333,-4.35523564236992
2000-03-30,16.827606117547074,4.2072916846609445,13.687627477843561,-3.776298316984982
2000-03-31,16.436581952099804,5.128783903396279,14.475955337668747,-3.3358699902791233
2000-04-01,16.813587733827738,4.861090729501469,14.93296430791467,-1.8742604475368703
2000-04-02,16.884221965394794,4.86371178999178,13.818990733043643,-1.922272894111394
2000-04-03,16.77629406198805,3.841559286249671,14.901574596714882,-1.8490923346032544
2000-04-04,16.372372011782875,4.024131992843908,16.538355124711526,-2.2544656047894427
2000-04-05,15.51396575873728,3.415625818466613,15.335897020569595,-2.156000342073241
2000-04-06,16.65919195861779,4.422366702427553,16.14029982418545,-2.358974253278194
2000-04-07,15.51327664422917,5.831551771197383,18.340182063871083,-1.4860286375522191
2000-04-08,15.544824579266297,7.0643193230250345,18.156533946615895,-4.59295154133831
2000-04-09,17.27346099558878,5.671878963498478,16.75787266155029,-4.547787118847242
2000-04-10,18.035741398207925,4.0179303992989475,15.41903812079521,-5.5686842466884725
2000-04-11,18.080090254936014,4.4042738869152895,14.843384753336647,-6.286506615154482
2000-04-12,17.501242945587734,2.5261908512447824,15.091235520717298,-7.113261621967235
2000-04-13,17.917431585639825,2.125670683625802,13.683423406650235,-7.293032174660726
2000-04-14,16.56587293150086,2.3422141234286604,14.918148938979991,-7.702786308867496
2000-04-15,16.077326990515754,3.4013249078945265,13.8167785568321,-7.0368848855560655
2000-04-16,16.77320543624425,3.3392228999526186,12.822344567653106,-6.670993246142571
2000-04-17,16.97039332940471,3.7896708605404674,10.768670675398273,-6.914708257510126
2000-04-18,18.32966167883012,4.0534034252206945,12.210800721042682,-5.15284624376914
2000-04-19,18.419586133448608,3.531176079044073,11.310081236493014,-5.11949658386537
2000-04-20,20.718630801135465,3.7101158525205697,11.427250269986464,-4.375493530246747
2000-04-21,20.589850551358847,2.401585272066722,10.013642966730433,-4.603134883224209
2000-04-22,20.94845520622876,2.674822792631854,8.602630002341009,-5.63457752341022
2000-04-23,20.44100217476283,4.835994966238847,9.967774559758498,-4.199040901449784
2000-04-24,20.1860077338063,4.367245571615218,8.121395196127125,-4.979137603172802
2000-04-25,18.417018979774255,4.599175497632986,8.595892217976733,-5.753767739493259
2000-04-26,17.421353186482605,4.202731729455764,10.682578454828157,-5.850675996803687
2000-04-27,17.549410861646166,4.024250630736486,11.625996834592204,-4.711590297316097
2000-04-28,16.415000736079314,1.8739480936030475,11.507989105628983,-4.150212141885483
2000-04-29,16.715341243104966,1.524045536997323,11.149245871183673,-3.225435825607565
2000-04-30,16.64091993269762,1.5498360666358968,11.88138474448972,-4.200663902508291
2000-05-01,16.211677013672883,1.303826399388279,12.437668378807341,-3.749890010775506
2000-05-02,17.73081907224839,0.4563541204872271,13.230400786600304,-3.9582610015630095
2000-05-03,18.719600514342527,-0.060749941691777276,15.775725226359729,-3.6678397245774845
2000-05-04,18.18336629755445,0.09695119242725997,16.193941486799467,-4.972982760767106
2000-05-05,18.121274143488254,-0.9915957908766446,15.523670995765995,-3.387581025365049
2000-05-06,18.022698974365696,-1.8144851514576326,15.64041208764751,-4.458752713860166
2000-05-07,18.155401648008517,-2.4305827398064075,16.106154801687442,-4.725483821354832
2000-05-08,18.38382617947125,-2.2159144811076654,16.47460478597996,-5.231303184783107
2000-05-09,19.854707985345,-2.8499973171885227,17.080061622939965,-6.716193462175496
2000-05-10,20.852876233908848,-2.856133419985858,16.436679471162865,-7.332771893712441
2000-05-11,21.603544259889368,-3.7661759720454686,15.390575317061977,-7.077151189820102
2000-05-12,23.308906006170698,-3.215127534977882,15.530444045585734,-6.7134379519438205
2000-05-13,22.205313996434086,-3.413034803356189,15.046561478858962,-6.006465990265184
2000-05-14,20.432962459417247,-3.369476421458943,14.672312490850695,-6.662015184774558
2000-05-15,20.692916715918557,-4.900400842517567,14.845155033004096,-5.953489989005069
2000-05-16,21.47985150920381,-4.603730876454429,13.804386045833661,-5.4749844875715254
2000-05-17,23.395854039220033,-3.8444285480710105,13.206493045263233,-6.2435767321570275
2000-05-18,24.445297569985204,-2.025205972334012,12.639435557872064,-4.915318535360175
2000-05-19,23.964479779540387,-3.3175167122843656,12.238118149907041,-5.402564409946182
2000-05-20,24.212164447563506,-4.288721996715743,11.368423664950303,-4.923013099859549
2000-05-21,25.93104117869885,-5.699896502163646,11.586366496193246,-4.507881545460386
2000-05-22,26.113122532973016,-6.607849313320847,10.021630510561126,-6.163001649210439
2000-05-23,25.36115731732277,-6.7736424856105675,9.057101803601036,-6.096372226181721
2000-05-24,24.216012572454126,-8.850425236277454,8.425486517671958,-5.753354296111514
2000-05-25,23.28249669791152,-6.038853139031286,8.885042264987971,-7.374854256797063
2000-05-26,22.550450524492334,-4.461426005448781,8.97634090871471,-6.366437926659491
2000-05-27,22.241569336762698,-4.400464238432966,8.991065129102367,-7.061265352821403
2000-05-28,21.130623593221262,-2.8687082495973475,10.097507896083004,-8.399612311535366
2000-05-29,19.10888856657154,-2.9050546543177367,10.644959144783229,-8.297166766713328
2000-05-30,17.871569977074017,-2.2712912598522017,11.15229626792398,-9.34069979231994
2000-05-31,16.580982083998848,-2.328347249108096,9.532897344444821,-7.758449555316166
2000-06-01,15.593910914871334,-2.231086452095093,9.99276123676338,-7.332525076077076
2000-06-02,15.370443434224983,-1.6226865890821904,10.434751995509213,-8.18615866819786
2000-06-03,15.122225729660387,-1.4358916986632984,10.889733457488234,-5.93419879862768
2000-06-04,14.844009497151553,-1.986930281353566,11.696534330936856,-6.206546059044014
2000-06-05,15.535642382027701,-1.6821529532068715,11.431568322220746,-7.684149875439612
2000-06-06,13.326931431683853,-0.915356833314496,12.191377423543251,-6.785699184283706
2000-06-07,12.34485811116734,0.128528169429864,10.859075609590262,-6.644274796377445
2000-06-08,13.669901397759329,0.4900830312153985,11.940446492112825,-6.632017236942467
2000-06-09,13.803082984684973,1.0315948953942922,12.332195822823453,-6.522842710841399
2000-06-10,12.66166556696477,0.16507847097307926,11.528122211544428,-6.577220307909925
2000-06-11,12.257814685439705,-0.12679800672046365,12.340256518164766,-6.919335149711123
2000-06-12,11.643751846918953,0.9230311632405339,12.863481560789149,-7.3319470677276755
2000-06-13,10.220091486307554,1.803794024390085,14.36955526861382,-5.520008968654305
2000-06-14,10.07564590754648,-0.006068372213506201,13.970836858188704,-6.1384424974701535
2000-06-15,9.910367135822222,-2.611194556458793,15.341306392652271,-6.981099424510207
2000-06-16,9.411315102573974,-2.6946385354039277,14.837546464159173,-7.144979708127471
2000-06-17,10.014549435949702,-1.866740191172013,15.263040223146835,-7.536094726893788
2000-06-18,9.651342599041833,-0.4758189579808121,14.749353590509271,-6.576809742319483
2000-06-19,9.897233722063506,-0.2894236997233496,15.902109271735494,-5.782698808810493
2000-06-20,12.311452706747378,-1.7201389976515578,14.872650321674715,-5.253187310213599
2000-06-21,13.027603264331919,-4.794772988378954,14.413942053105206,-5.920383432979683
2000-06-22,12.185897437696033,-6.218568295607701,14.195199276440368,-6.065022068887516
2000-06-23,12.682226906094485,-6.426592620324656,14.966686724578736,-5.6766496351522235
2000-06-24,12.847281138077992,-6.085744563127603,14.185666617828186,-6.628320358450475
2000-06-25,12.661434234831093,-6.340965528610561,13.344518424191685,-6.363019252453526
2000-06-26,12.590568486815133,-7.710693082609511,13.935170666623748,-6.084587107409901
2000-06-27,13.63685656694318,-6.282679761852531,13.291909282890737,-7.043122840293672
2000-06-28,13.585785481468427,-7.597727614608576,13.517251222139295,-8.326056177593959
2000-06-29,12.030325728457617,-7.55062650476971,13.465546042845343,-7.469692656124908
2000-06-30,11.498334905581162,-7.622216310077613,12.731094689797475,-6.934457088471273
2000-07-01,10.205654140652673,-7.34300185044474,12.67328870822231,-6.632173290143596
2000-07-02,11.717970507826795,-7.908896495625648,11.314010712077863,-7.63491021417757
2000-07-03,13.052208104473214,-7.7177290819518465,11.014902821156879,-6.574138993596166
2000-07-04,14.57889054593425,-7.649555987965481,11.214731150364877,-5.9135387002715785
2000-07-05,16.945959266449083,-9.30523945241993,12.543216968605588,-3.5872122260232855
2000-07-06,18.237680645768755,-9.15519458958077,12.214671903748018,-2.0502196151754406
2000-07-07,18.040804135518883,-9.128015323237845,12.565923109811337,-2.5521074479443655
2000-07-08,18.363893149740374,-8.50468787360703,10.864663015998643,-2.2827482066571507
2000-07-09,16.689104499307767,-7.560265367520921,10.73177791102346,-3.379954973029412
2000-07-10,15.739061734154554,-7.878367936931799,11.75395591792745,-1.6242825938513836
2000-07-11,14.789339948385033,-8.900668210078898,10.655443139765177,-0.6810264041539588
2000-07-12,13.268909824746695,-9.266597438156918,10.417374306309137,-1.0411084550562306
2000-07-13,14.208955723915722,-8.716640077015791,11.540659310625244,-0.6603117153599374
2000-07-14,13.97864702055545,-8.369726391533396,12.43224545183135,0.5648943715192114
2000-07-15,13.757212294148715,-7.780847739140728,11.155860074201685,0.70583714498667
2000-07-16,11.435894713907086,-8.524412962820954,9.867215782419283,-0.12034405661153269
2000-07-17,12.011015460133901,-7.859510295844721,11.238491086237598,-1.2157857676940318
2000-07-18,11.610617548448907,-7.564235505214874,12.33347343489265,-1.7707821055252255
2000-07-19,12.04307270280754,-8.84282618131086,11.31933867069114,-1.4668958658212055
2000-07-20,12.426800739598677,-8.087919001566735,12.826013363545478,-2.785420938270689
2000-07-21,11.752231839735845,-7.391846916817626,13.255473305482782,-2.934590526727169
2000-07-22,11.309685989591287,-6.530807542340002,13.797638115042904,-4.630682982604456
2000-07-23,10.77122170305319,-6.61595164528911,14.49256021039583,-6.82700655523113
2000-07-24,9.96776866200796,-4.630290900020999,14.574634081154946,-6.4751743166327955
2000-07-25,10.148450434472851,-5.050192596067485,14.872216167116914,-5.046687835403759
2000-07-26,9.815749259817853,-4.539820625154028,15.927861467668645,-4.771866490571294
2000-07-27,10.039436583955588,-5.086495587908593,14.606535658029653,-4.6823957617534
2000-07-28,10.617910796387088,-5.81695054746554,15.7118114666248,-4.98452659269918
2000-07-29,10.238163811973223,-4.381112833787597,15.63529734996625,-4.966419816093866
2000-07-30,8.989789772847262,-6.041094258649091,15.380264219372643,-5.898628254412454
2000-07-31,9.619542655456476,-6.40430792370025,16.735687038804627,-6.351473136948808
2000-08-01,9.709986297350877,-6.886837001652108,17.404481100350086,-6.2164571650301435
2000-08-02,10.539014247745843,-5.771598717874767,17.277617157589162,-4.988289403939568
2000-08-03,10.079971907495995,-5.313579502643304,17.361271612294278,-4.416983923396593
2000-08-04,9.189198398417687,-4.545986467455745,16.889334504331007,-5.419675770850641
2000-08-05,9.350087028734075,-5.217652590736051,15.879845833801378,-4.828339384783464
2000-08-06,9.411186756561145,-5.422099828093826,16.159213709316898,-4.764111084283147
2000-08-07,9.609055728290018,-6.915074923316142,16.00813214406798,-6.941440059467973
2000-08-08,9.007511732820133,-6.843506548431069,15.641855712142423,-7.309164864739792
2000-08-09,8.006564956155191,-6.6391386611395244,14.8429662693283,-8.268780575410482
2000-08-10,7.269541579807691,-6.997061226118716,14.963794516915682,-7.927876070421742
2000-08-11,6.492962687601713,-6.101697651222769,15.526256181957024,-7.717157349518617
2000-08-12,5.765047901750671,-5.604549980689935,16.396148008779488,-8.480245291334976
2000-08-13,5.354122559309886,-8.048576694305984,17.171304322261808,-7.863862400055852
2000-08-14,6.333504823212518,-8.157915448685083,18.33802735864067,-9.1696680359041
2000-08-15,6.190813521174468,-8.224506478318167,17.997492661802234,-8.695922109560456
2000-08-16,7.17050932390132,-8.751854075793872,18.013514133186558,-9.482808956768075
2000-08-17,6.507612746510264,-8.6794516063048,15.716087860644025,-8.711627408267406
2000-08-18,4.661605196417511,-7.318994396058868,15.458044049646182,-9.152951819168651
2000-08-19,4.290391187362039,-7.617581062170835,14.610645619203016,-9.717798465205984
2000-08-20,3.7336364602288703,-6.95455529120675,14.802063030848027,-10.188779131771053
2000-08-21,5.024749575254926,-6.355381843625185,13.90569306534337,-11.488982626286003
2000-08-22,6.509720456984064,-5.342244166857081,15.474925819860793,-10.70866495820304
2000-08-23,7.136196933025238,-4.455985410092481,17.337357557374286,-11.322335098012978
2000-08-24,5.589919332918379,-3.947060881405216,16.541500443030365,-12.91480249951417
2000-08-25,4.968668023914583,-3.5493233493021457,17.551484911046842,-11.637195101118701
2000-08-26,5.259012613663336,-3.997970142352356,18.64934246318122,-10.61389632414826
2000-08-27,5.7248921365999,-3.654770149523732,20.18131792586155,-11.700060327237654
2000-08-28,5.50731355764942,-3.654131710821351,21.06602853905372,-13.628873801083703
2000-08-29,3.925806095934405,-2.564504245453811,21.314366819836575,-12.500970141597143
2000-08-30,2.9080508670722427,-2.6265769866707247,20.71851751574412,-14.247131118645322
2000-08-31,3.6896723580780986,-2.2882355114266733,21.736791291601588,-15.281005441491619
2000-09-01,4.4130619148241745,-3.4389473769728314,22.10711555606091,-16.6302036495033
2000-09-02,4.975746714427267,-2.748695863120344,21.90083977721386,-18.60504003715149
2000-09-03,5.78899836253161,-2.205471719583401,21.5849679761676,-17.829296204260423
2000-09-04,5.025456456108687,-3.002904731133399,21.325540687931337,-17.452975406285102
2000-09-05,4.112571950116186,-0.9101916318229768,21.389481808627206,-16.767732820002724
2000-09-06,4.820710675207965,-1.794093072262974,22.070111726769735,-16.5357644075843
2000-09-07,3.8797469332286694,-1.0686066342036777,22.92337892433543,-17.26120346591227
2000-09-08,2.338891568221256,-0.24654455997906166,21.992972500479357,-16.53530929563215
2000-09-09,3.637898302252512,-0.46836112679440345,24.224429088460617,-15.979036098954735
2000-09-10,1.992878941860143,-1.4653386570122986,23.268523798626408,-14.200402841539228
2000-09-11,1.887780709658739,-1.6668510231148994,22.193367666315417,-13.18843137902897
2000-09-12,0.7310632590351318,-2.3963082172069283,21.976667515754166,-14.918315846425118
2000-09-13,-0.7043230437578423,-1.6933235651171987,22.71590790439464,-15.746430692358985
2000-09-14,-2.2543841158310913,-0.9066384194716899,23.907434961411834,-16.317110916517862
2000-09-15,-3.836433136926069,-1.6384212461304029,24.167946555288673,-15.192021929363966
2000-09-16,-3.3069692348452375,-3.3018939658646964,22.75048225930623,-16.04656680611767
2000-09-17,-3.5012387139294003,-3.4764288035104176,24.26159924307963,-16.134532293474148
2000-09-18,-2.1759869323893533,-2.5569248807419553,24.004444318481823,-17.600628194723733
2000-09-19,-1.245194136898499,-1.5993001311835395,25.984970079511015,-16.39136750799166
2000-09-20,-1.3285296972977352,-2.949547123494962,26.14017477325638,-16.70522910295644
2000-09-21,-2.4098018291420074,-3.969318834495749,25.655703446436025,-15.634304528553985
2000-09-22,-2.6041547288683566,-3.49088283093931,24.15488164766469,-16.347050049968335
2000-09-23,-2.1912604627760115,-3.707071365141004,24.892216722523592,-16.886209019183557
2000-09-24,-1.5564127961643697,-3.1264658537880465,25.179282139108754,-15.909393777286763
2000-09-25,-2.512005704374616,-1.9966254244070505,24.970246055574215,-16.945533522224693
2000-09-26,-2.6009521089096284,-1.7712391275316652,25.001417713293133,-19.263644983465294
2000-09-27,-3.407272079343298,-0.21378997319663728,25.182095455986957,-18.922321501300623
2000-09-28,-3.729146312124688,0.10711215599187407,23.928073433560634,-19.57854138412943
2000-09-29,-3.362073215601736,-1.5772267117837009,25.36037901048249,-19.072497388268804
2000-09-30,-3.680347322239605,-1.6964330833078871,26.64402117869499,-19.208400230149586
2000-10-01,-6.257243578105637,-2.413624634803014,26.195503996348716,-21.024695944216205
2000-10-02,-7.088242132873694,-3.6200587863654006,27.758602054419555,-21.340478427918473
2000-10-03,-7.777255369939794,-2.3797784557213486,28.72383944140342,-22.081366617150266
2000-10-04,-7.675761069838561,-0.5463767583559682,27.907996046259623,-23.147996432347803
2000-10-05,-6.453668438950613,-0.5434035348041529,28.1114995105725,-20.288002891966386
2000-10-06,-6.3808605994939125,0.6964270431331859,27.439070296771646,-19.61841868840163
2000-10-07,-6.475475064136349,1.450283656114553,27.92568436106913,-20.3690124636576
2000-10-08,-6.2269918467929415,2.7626255168099014,28.480369122910115,-23.11770645719417
2000-10-09,-5.806294906684004,2.011860201987915,27.831096416730098,-23.45869763996537
2000-10-10,-3.7186620694282775,1.6859756747665942,28.801048922113207,-22.576902279579375
2000-10-11,-4.051072308920098,1.0472562911528565,29.100061927224864,-21.8319320361173
2000-10-12,-4.775333724981514,2.1047060765089265,28.418668129639318,-22.189227073638705
2000-10-13,-5.175412433399103,0.7274176519999045,28.408398610596592,-21.594554588069215
2000-10-14,-6.193491401425045,1.5156669992487584,28.531159458322062,-21.955328500085585
2000-10-15,-5.382964969989327,1.8418045824445797,28.42297729255704,-22.84340364455648
2000-10-16,-6.414922597537834,1.1479197336801712,29.982970105399364,-23.288905775261213
2000-10-17,-6.69109746581563,3.2032915857530195,28.823685402243143,-22.339033854586166
2000-10-18,-6.730041077016624,3.288502531145098,28.624781181478316,-22.570106108699072
2000-10-19,-5.149944771758327,3.184463579356791,29.003771897645333,-22.839699012936435
2000-10-20,-5.090005910798275,2.27124397830001,28.53969915561535,-24.501071801929825
2000-10-21,-3.7184299308957436,1.5438087521571524,27.98359641821394,-24.166591154947653
2000-10-22,-3.9612467194781176,0.9966949756102623,27.8106405959433,-23.89936287536459
2000-10-23,-3.734038488954904,1.2221098770519319,29.07929959766037,-24.58842193728081
2000-10-24,-1.9328720020703267,1.0144597181562085,29.04724017035952,-24.89937391470093
2000-10-25,-2.0510492493895986,0.3673145972422104,29.009364325670226,-25.944513009749063
2000-10-26,-1.5167839646410068,-0.934922895644002,29.93937855452162,-26.213255026916595
2000-10-27,-2.5091312934458783,-0.9970974381000945,28.425225390941115,-26.8981296396389
2000-10-28,-2.832052014639718,-0.5226009298084029,28.595095253103146,-27.281086216132746
2000-10-29,-3.3220793161179545,-2.179941341437041,28.62233154470133,-27.874835408823355
2000-10-30,-3.5287316110471743,-2.4499091833498836,28.203826846149337,-27.20894040935302
2000-10-31,-3.3835677463375973,-2.5794573918285137,28.06330325738136,-25.56262050491392
2000-11-01,-4.229682261314364,-2.878709899775129,26.766700038836095,-25.7975530077961
2000-11-02,-5.536267705634669,-3.479127342321339,27.368544908825488,-24.950475946658024
2000-11-03,-4.7761903064715305,-3.9750463482810865,26.23076561469277,-25.175602485343738
2000-11-04,-4.981525172626646,-1.304935786284946,27.633774481841492,-23.64718932769247
2000-11-05,-4.771461269007449,-0.4439924037523876,27.174784302071693,-24.334850116583144
2000-11-06,-4.425209943266035,-0.6196626401182153,27.344417077192073,-23.659308328978526
2000-11-07,-5.6655847427138095,-1.3972966937940878,26.97882987644275,-24.284495217428812
2000-11-08,-5.2727487136503965,-1.2886258206549266,27.590484466970135,-22.91707884148042
2000-11-09,-5.587721670334294,-0.34601452551635425,27.691151342357255,-23.585027490994225
2000-11-10,-4.618388250202858,-0.5281973331323102,27.527791150047804,-25.011761713655265
2000-11-11,-4.558110994203644,-0.5888149380741088,27.10012279101359,-25.274797001728697
2000-11-12,-5.781380714664536,-1.2007017146856398,25.34456067512247,-24.57589838104953
2000-11-13,-4.717535137246841,-0.17514692369067442,27.383103059334683,-23.795125178326952
2000-11-14,-3.8621733143256183,1.3049926616820486,27.002421728241217,-23.824123489454948
2000-11-15,-3.2846979935511396,0.48576077566608067,26.630305752774014,-24.95796663544011
2000-11-16,-4.094574793233399,0.6041427181423892,26.18400691940544,-22.78854713138832
2000-11-17,-4.614434969056855,1.212294687900037,24.693747019573838,-22.68207095641533
2000-11-18,-3.780415896804669,1.6752433051281048,26.016716502294962,-23.11090641408767
2000-11-19,-4.4363873117001535,1.8262092741930795,26.75893563855228,-22.322577682110893
2000-11-20,-4.120357463963351,2.45934930907729,26.519944846063904,-21.516806006659436
2000-11-21,-3.240061065564111,1.0134077952552831,26.19070627109927,-19.422860010203102
2000-11-22,-3.5021173898559512,0.25478749517689814,25.366862296065808,-18.931635786825623
2000-11-23,-2.5232806742298393,1.111845415232379,24.58633476724138,-19.079375254382242
2000-11-24,-4.82528047220572,2.4136840944240285,21.7692441311821,-19.14229268968439
2000-11-25,-2.884211379021703,1.979694873667131,21.221048461317643,-17.728054417907114
2000-11-26,-3.25433283901479,1.785195896804879,20.31998244798608,-17.93779482473481
2000-11-27,-0.5447444479169956,1.4293402278422884,20.639561547319524,-18.09450920414332
2000-11-28,-0.5505985982061362,-0.27248442464062217,20.39897569856454,-18.127474027871955
2000-11-29,-2.506173337988911,-0.3884686180985621,20.964350910350007,-16.09734396355106
2000-11-30,-3.1335882037939204,-0.6318009514209351,20.42420549473399,-15.557322851160622
2000-12-01,-1.1667011773781504,0.2488854613082282,20.676838432526644,-13.571135076376677
2000-12-02,-1.7100886862573494,-0.326514122149241,20.120687221058553,-13.993290872537065
2000-12-03,-1.340958265466989,-2.727586366007605,20.397803814924135,-14.127994345800474
2000-12-04,-2.8198817554375117,-1.9802373235552468,19.848021146929902,-14.049824890682231
2000-12-05,-2.95402943072219,-1.3337793309930168,18.97140315231169,-13.354924043543521
2000-12-06,-4.523692143844347,-1.3907192640220118,19.183484658472988,-13.41513013361206
2000-12-07,-6.221144921969918,-2.403060960743641,19.67956735977286,-13.167706573857348
2000-12-08,-6.320252970428677,-2.8253854257097717,18.789222842390398,-15.305372788657639
2000-12-09,-4.884380413544594,-3.503656375152233,21.031478357745335,-14.069194074299574
2000-12-10,-5.2538380792251935,-2.228247669821648,22.555977478948797,-13.68030871740754
2000-12-11,-5.450078659668432,-4.598820486829856,20.51470107776738,-12.793745895526028
2000-12-12,-6.901038698308151,-5.241035189189879,19.9018653582649,-12.837419121147578
2000-12-13,-7.152425387533344,-5.7198007431667355,19.67971338331357,-14.016309126051627
2000-12-14,-7.259181824488513,-6.556225642622809,19.205980114332522,-14.039894686221611
2000-12-15,-5.9384357537028905,-6.0526603080877015,18.98618178169003,-14.05867354474368
2000-12-16,-7.029833938688247,-4.67958344299369,20.162528694433018,-15.042627357351407
2000-12-17,-8.808827967295368,-3.6310604355423166,19.542061109450493,-14.349669505070864
2000-12-18,-8.81056872882393,-3.313805691321026,19.859836233821227,-14.360572319911702
2000-12-19,-7.966405656650549,-1.3960644366944615,18.163195971815306,-12.175140582530359
2000-12-20,-8.847254651591866,-1.586087488091698,19.434885653923168,-11.709757026351722
2000-12-21,-9.81820649935371,-0.17388682198011196,18.924358528699443,-12.082704396888055
2000-12-22,-9.846629908940212,-0.5909934962074768,19.033222738948034,-11.916102637674824
2000-12-23,-8.619629949706654,0.33455996376332175,18.447640677813478,-10.99857820162457
2000-12-24,-10.434098203235123,0.4807733801679426,19.535181946524457,-10.962864026464027
2000-12-25,-11.919495971647992,0.8842684839817074,20.272532857011544,-13.675083134851828
2000-12-26,-12.68333538946286,-0.4972988375076759,18.752489260607884,-13.848318110210458
2000-12-27,-14.53145306413224,0.4076519334282199,20.59284339838876,-15.942492426786258
2000-12-28,-14.623322151441403,-0.6992054317004651,20.590654596363837,-15.810893189809116
2000-12-29,-13.094792212613005,-0.11171528871896819,20.774442603891536,-14.806384485372163
2000-12-30,-12.896918015853698,0.3188086010496885,20.652640613279623,-15.957474629581476
2000-12-31,-12.87191212134278,1.161531362397073,21.494268345263368,-15.469679809362342
2001-01-01,-13.092948246300724,3.081843550552457,21.72611754350852,-13.983217053393638
2001-01-02,-10.844378653520643,5.518773796061769,21.38550219275791,-13.927126520812273
2001-01-03,-10.957940557839631,6.714232161285329,22.011897375961095,-14.356468487107445
2001-01-04,-11.058811944971813,4.798906024195873,22.59536314961474,-12.403095100887402
2001-01-05,-10.575493280239684,4.286200318149657,22.888763808944812,-13.187077991116846
2001-01-06,-10.537340242914771,4.212315683809381,23.882682193243426,-15.211997949965044
2001-01-07,-10.716939487733814,2.8601196691154978,25.075211524032177,-16.062624610480697
2001-01-08,-10.991582945350057,2.2560001924863498,24.71572782354189,-17.954846364262682
2001-01-09,-10.643808805496615,0.003973648331129009,26.397107296150818,-18.53960480726514
2001-01-10,-9.516589423746108,-0.465698590427316,24.94113366703443,-16.20860358959156
2001-01-11,-10.362288497800632,1.015145364091664,23.890393313558096,-14.697812169540589
2001-01-12,-11.269927110034624,4.359225005270443,24.998721431711235,-14.091381447908015
2001-01-13,-9.730454082665128,4.537782637696206,24.880305645880632,-13.76245296038811
2001-01-14,-9.63913877178195,5.055369924293495,25.283716980486293,-13.777920985208032
2001-01-15,-9.582315883659167,6.701000380769035,24.251918366596083,-11.157988120684085
2001-01-16,-10.683823060827471,5.100473074874053,22.60763229376224,-10.2304950844935
2001-01-17,-10.040508728774661,6.759280532327818,22.395948993515265,-11.474012893997052
2001-01-18,-9.645322808696823,8.311714795274547,22.348773819609796,-10.760566003548842
2001-01-19,-9.582913630481082,7.657229786938382,23.388337935573002,-12.605227813818761
2001-01-20,-9.842987172417809,6.107673190824585,24.842101965360044,-13.872965068524833
2001-01-21,-10.74279274784823,7.440029821817576,26.189531960928825,-13.128116880975629
2001-01-22,-10.482758234985399,8.162300819041743,25.79216720730813,-12.644895308290673
2001-01-23,-11.766002360247668,9.318699699837804,26.230101778994097,-12.842757330083955
2001-01-24,-10.93759609329374,8.466576539462025,25.085772081281664,-12.971272828129878
2001-01-25,-11.935946153055992,8.217958836131297,24.939115017982417,-14.200574367797586
2001-01-26,-12.8002637149241,7.424809305699063,23.955752845259966,-15.132819569139087
2001-01-27,-11.991596047472324,7.467926974285417,23.881558615163737,-16.34281906421927
2001-01-28,-11.585528806063644,5.693263784624325,22.710031641303694,-16.95401732299178
2001-01-29,-11.037618753029019,5.79770235392123,22.0579940906055,-15.85848038538246
2001-01-30,-11.409078085928236,6.959276417153864,23.908667927938463,-16.488702037970455
2001-01-31,-12.039252921916097,5.777301652132379,24.86730446761323,-16.113187473610477
2001-02-01,-11.510565370610612,6.270113705178048,26.563918802117072,-16.66736263522782
2001-02-02,-10.213973332622398,6.806675692451197,27.066356871579103,-16.513578113336003
2001-02-03,-10.941399955263302,5.478914965617959,25.393736917717284,-18.761618321472536
2001-02-04,-13.018655893764109,6.546616848197112,24.202829550488453,-20.14081883117764
2001-02-05,-12.47557885446903,6.6805003472842746,24.688353823959282,-21.16178872983799
2001-02-06,-13.523499181793666,5.440096664831397,25.50329469260818,-21.170433536734166
2001-02-07,-14.296368006444627,5.117262838137573,25.777997181637197,-20.24100665594716
2001-02-08,-14.9490289288008,4.434007069809533,25.17761325019203,-19.412719086899443
2001-02-09,-14.964221673996777,4.40086240106146,24.79750971299071,-18.006730955154023
2001-02-10,-12.488723040725308,3.0739278524664426,25.709757243551437,-17.810375616181066
2001-02-11,-16.108791338252743,1.3682526070747094,25.593584293244447,-17.337819278451533
2001-02-12,-16.72151869131441,0.38638885135203227,26.131253363904193,-16.80656515907779
2001-02-13,-16.130960677017136,0.45743493477703767,27.923906610069448,-15.74292476409586
2001-02-14,-17.014253290848945,-0.9741798951199563,29.368867023129646,-16.211619781588855
2001-02-15,-17.92864211256519,0.6635316553715644,29.631936794594694,-14.98145318942782
2001-02-16,-17.856315368243237,-0.43919109387029764,27.95134276185702,-16.182077671074424
2001-02-17,-18.63303556760377,-0.09362248004200963,28.25341397783661,-14.819265711802563
2001-02-18,-17.964802868315765,-2.0025335063637004,28.869421595055687,-13.734111326514192
2001-02-19,-16.480275555661528,-2.861595545358913,29.34949215832172,-14.466856272269744
2001-02-20,-16.412215059381847,-2.294765017271209,30.388397473063865,-14.257360599674342
2001-02-21,-16.918590046358098,-2.6372395154365385,29.68369836097589,-15.015992870890548
2001-02-22,-17.359327992774798,-2.117283297934154,30.820084319793693,-16.307151057569406
2001-02-23,-17.04369743097389,-1.5958659535960864,29.694783912984327,-15.863334754385026
2001-02-24,-17.978095584235007,-0.3147952135196106,29.016011124610934,-16.336479645311957
2001-02-25,-17.2623026694104,-0.27921482641672457,28.626469702135076,-14.756194710609588
2001-02-26,-17.809576876748398,0.7274086343459986,28.237007937964087,-15.037133156256
2001-02-27,-16.303743830261904,0.07909023094571943,29.149013976551355,-14.122653336079601
2001-02-28,-17.307727248877526,-1.8815152366513628,28.98501102799603,-13.336322196913336
2001-03-01,-16.65043703486824,-3.402989728221903,28.84350843046775,-14.814724087287944
2001-03-02,-16.73299908611122,-2.3865580628163054,27.388349996760546,-16.990316246400013
2001-03-03,-18.008640494736884,-2.4520476599018846,27.658798936400068,-17.845917025385738
2001-03-04,-17.6287471155586,-3.4707060070959717,27.093478244198273,-17.919405333257192
2001-03-05,-16.826804724257226,-2.4599694591566967,26.648820086601678,-18.200165169053903
2001-03-06,-16.22948894607652,-1.3235332142473994,26.3956993463923,-16.95646849392547
2001-03-07,-17.159713698471705,-1.2303285150822152,28.915745740908523,-19.26518032675911
2001-03-08,-17.7277927058313,0.6434164511625771,29.32914574526397,-17.587108534710687
2001-03-09,-17.11803878826824,1.6120133570889341,29.25335138100037,-19.550458430527932
2001-03-10,-16.587712048136748,0.2092531726972302,27.863666303884276,-20.079349808167038
2001-03-11,-15.384118274599604,0.11605683381245455,27.036964742879793,-18.90997253598455
2001-03-12,-15.78509093835664,0.8304409546227158,27.789441922623375,-19.628991229064887
2001-03-13,-17.10932732013961,-0.08268876999270036,28.308511188241738,-20.72657948792929
2001-03-14,-16.553172017072487,0.7553843492072168,26.801057618522727,-21.291152924053165
2001-03-15,-17.59961192852105,2.159267395979241,27.5169676511804,-21.9708843670025
2001-03-16,-18.360043795618083,2.8912391060715192,28.900994382368765,-20.471444450322196
2001-03-17,-19.909566853376255,3.0033650823830316,28.173698557578916,-20.794609966710205
2001-03-18,-19.777936048043923,2.0341935753674103,27.873107621482237,-21.173816232474618
2001-03-19,-18.92286583592488,1.9930514684144964,29.58005634091954,-20.560199700086216
2001-03-20,-19.00311099432839,2.5934140140280846,29.912976925032524,-19.28703334860817
2001-03-21,-20.11317333941483,3.2043283583452182,29.14119844636461,-20.031494325359528
2001-03-22,-21.378787794951123,3.811196983279256,29.656739454420336,-18.841059042355788
2001-03-23,-21.106634212756383,2.557668466782949,29.38499613685002,-17.356510006626014
2001-03-24,-20.774015743747185,3.1063420904815846,28.57507462973163,-18.317973290594175
2001-03-25,-18.68011773906689,4.263165310712912,26.07055347526658,-20.192141881295054
2001-03-26,-18.399951330016904,3.714675896861697,24.63749536708462,-20.721472133892693
2001-03-27,-18.495562682327957,2.6554934143851505,25.9345511743055,-19.979503701331453
2001-03-28,-17.434988820402864,3.452768889593905,27.247548115547122,-20.182470595105162
2001-03-29,-17.091163960948567,1.3071627464175757,28.229593399829056,-21.431210692205955
2001-03-30,-19.244280785695445,0.36859441218018285,29.038901692711757,-21.7155640674519
2001-03-31,-19.55222095681701,0.827383751865977,28.176040997085014,-21.337875452793373
2001-04-01,-19.994569277462436,1.0224800826333318,27.163508718605858,-19.285526563466888
2001-04-02,-20.13479057718474,0.49625195458989035,27.03708216945154,-20.38538122144392
2001-04-03,-19.745920007659507,2.3275441184659003,26.391391262716418,-19.193109914786035
2001-04-04,-19.693807920502422,2.343313974454221,25.475643777607438,-19.893117596858286
2001-04-05,-20.128400170930615,2.9219811423600377,25.044037461606738,-20.542894165264915
2001-04-06,-21.42475304692133,2.1672312200893797,25.765196668023393,-20.86632426078855
2001-04-07,-20.528996410337413,1.8356930873243187,25.65892036713629,-21.037939831353228
2001-04-08,-21.475634599560173,2.9975964031289846,25.77652110427287,-22.086593138209718
2001-04-09,-20.907982735929522,2.476550997566047,24.812491270495205,-21.972782773584644
2001-04-10,-19.887530992041157,3.6415740043496254,23.269578080643644,-21.62937024435369
2001-04-11,-18.114938299744797,2.632429211843709,23.378602530286553,-21.27254850912735
2001-04-12,-16.85101203724247,3.1531874754147005,22.282703915268726,-21.56644316418912
2001-04-13,-15.731375557389002,2.8896463709627485,22.129933538382875,-20.824910001398244
2001-04-14,-15.017679755177014,2.966147172143841,20.80961763530888,-20.71507276399217
2001-04-15,-14.64287242456334,1.930703174955485,20.548960850180382,-21.352192577911435
2001-04-16,-13.772104656477852,0.8736956550197763,20.90298256100785,-21.625049958508768
2001-04-17,-13.472991314117953,0.27498322353691873,22.57333298815545,-22.17308064000838
2001-04-18,-12.140358907975413,-0.8474077935960742,21.56832528381351,-22.31679210410083
2001-04-19,-12.567900001170083,-0.9149006731102591,22.27970169110644,-20.725638301826606
2001-04-20,-13.8738485202022,-0.051034350014770524,21.418016909616597,-22.418488810998035
2001-04-21,-13.859071670846319,1.1272822886358767,21.499267820726722,-24.240516880735335
2001-04-22,-14.788604469533611,0.0925377072830198,22.852626246240504,-26.074701169392174
2001-04-23,-14.7988994432797,0.15844967942878824,23.242361216411584,-25.458514457055923
2001-04-24,-15.48175283098211,0.0504919261986104,23.25272862468662,-26.27941946619975
2001-04-25,-17.611397042763166,1.349505464828342,23.504234412629327,-25.846410890465034
2001-04-26,-17.28510610626987,2.431576085923889,23.160300109201458,-27.16721227301464
2001-04-27,-16.161197366389015,3.6521138683720267,22.996763811123643,-26.442458813238837
2001-04-28,-16.885144930387494,2.6601949082103014,22.35647543132023,-25.544262690697277
2001-04-29,-16.939731267357303,2.21393848406965,23.005299374336374,-24.54164655985801
2001-04-30,-18.202018900915064,2.149524601753648,24.15873140593343,-25.485386164190956
2001-05-01,-17.756883800457594,1.5362629735294229,24.89630339221,-25.51863082853322
2001-05-02,-18.042924279964442,3.019137291234538,25.629610972600318,-24.523300341277505
2001-05-03,-17.827990752240787,2.671224095452815,26.193530752801816,-25.00355537185276
2001-05-04,-18.033198254900462,4.316969765941906,25.886277950632934,-25.788489609455617
2001-05-05,-19.208037281228364,5.238863556196686,26.70017568142471,-23.25822803675496
2001-05-06,-18.50247492489572,6.458954405669895,27.92797493418554,-22.96596103681566
2001-05-07,-17.152368250995625,6.301991062327839,27.815351482802313,-23.71523160742606
2001-05-08,-15.325801656703696,8.969749728371228,25.956438121800474,-23.686085569188833
2001-05-09,-14.654239570006927,7.2547589704632145,25.798468823546763,-25.16079908001527
2001-05-10,-13.108368101916419,7.292628123978285,26.05554782845516,-26.31164328655005
2001-05-11,-13.413063909399787,6.8811650869682275,26.388957396442677,-24.039046277098667
2001-05-12,-13.462555206282582,6.790424263731652,25.533453770653235,-22.254875955764277
2001-05-13,-14.463603670742076,7.327360127074921,26.362665042851752,-22.725622366300158
2001-05-14,-13.429783557907333,7.497893124046927,27.030179220944362,-20.843891492180795
2001-05-15,-13.624789993506514,7.330811093623485,26.800087810954302,-19.11450682068822
2001-05-16,-14.872171099624072,5.765304107236705,25.916424248173737,-19.5556911275628
2001-05-17,-15.15815646331897,6.472649747382659,26.539944120365274,-19.600951962870834
2001-05-18,-14.799933127277342,7.123279160504288,26.607883172786774,-20.797288915432205
2001-05-19,-14.508012972881435,7.658499824446749,27.19588154712571,-20.67163459640653
2001-05-20,-15.368695463546564,7.281105627578773,27.755674753421992,-18.987849855172097
2001-05-21,-14.692584835524457,5.43000433781517,26.425744822871685,-19.04864165271918
2001-05-22,-15.66340206725826,7.113877439523175,28.187788468893338,-17.266969187686634
2001-05-23,-15.494680688975253,6.207136882210148,27.85258277110429,-20.8048425372691
2001-05-24,-13.43374657617954,4.998003876713984,26.60060607137455,-21.874027270604298
2001-05-25,-13.621095793757814,4.390376313224652,27.535773019841198,-20.959010258038067
2001-05-26,-13.279092996665108,4.967112976749671,25.183762217764407,-19.494907279124504
2001-05-27,-13.221911656999538,5.165059340106981,24.485619656717848,-18.83753965611142
2001-05-28,-12.864637430034444,5.016971945733623,23.321464721181332,-16.572632413425847
2001-05-29,-12.559441899061264,6.081810701868258,23.864157166290614,-16.349131298013198
2001-05-30,-13.471774445192532,7.058912359936601,23.19911294959645,-16.293805849895655
2001-05-31,-14.031474949242078,5.790140165767571,22.447461711414917,-16.493257332969314
2001-06-01,-14.359496166598024,5.496332516944341,23.250627797043126,-17.914412899519164
2001-06-02,-12.427176844526365,6.326311562618681,22.538664264432107,-18.88964799937033
2001-06-03,-13.63432169501681,5.511090641896471,22.49883029985262,-18.168191949590565
2001-06-04,-14.599694962799763,5.868912308882228,22.624676437631848,-18.646172295879474
2001-06-05,-14.953761764798362,7.190810599031323,22.508961281710416,-17.27629900435185
2001-06-06,-14.134949176240422,6.747234381928358,22.534404657349267,-17.757753216857072
2001-06-07,-12.565825236365878,6.75902384327337,21.18952651701579,-18.251193337949285
2001-06-08,-11.702452989630247,7.195894685169147,20.6669887710308,-18.464940097587057
2001-06-09,-11.077799633482352,6.6381360597020755,21.762500423646156,-19.622148172841044
2001-06-10,-10.953078944265298,6.548336205796283,22.447874091475,-19.244427863729086
2001-06-11,-11.173988652800752,7.645817476827459,21.84950134080481,-20.72675564440789
2001-06-12,-10.458345101252327,7.426252647984673,22.100946507116397,-20.02364965356366
2001-06-13,-11.530011200464598,6.941374814688054,22.303154152096038,-18.519739584874774
2001-06-14,-11.058686069700764,6.640081652191013,21.29514675556799,-16.854909550781585
2001-06-15,-10.409589258424827,7.255163431501658,22.053604482623143,-16.025325809707233
2001-06-16,-11.133441678567593,5.948618343386391,22.666196718658494,-17.58133606671574
2001-06-17,-11.891105812701213,6.497924429022954,22.926698139562188,-17.5201130833095
2001-06-18,-12.489370593965486,5.755484845243535,23.47153630994925,-17.557362529018867
2001-06-19,-12.83133246445745,5.310945289694292,21.898872830562475,-17.129892269287176
2001-06-20,-11.30977116087509,7.11824254580905,22.72280228117847,-17.60936796001803
2001-06-21,-10.45173947606606,6.822663388992037,23.892451440678588,-17.884624947868524
2001-06-22,-10.980054923318983,7.254731957293141,21.6515405282277,-19.402909835291304
2001-06-23,-11.172973031956664,7.8422496734591025,22.629782054774232,-22.069613393488982
2001-06-24,-11.407413944558769,7.1264574358371116,23.97606859872062,-21.393905116021372
2001-06-25,-12.96105880813747,6.204042454678865,21.921161403111366,-19.734427816682814
2001-06-26,-13.34012077596161,5.555188631577638,21.76711053451427,-19.87580749834398
2001-06-27,-14.477650058151625,4.697965959398912,22.064877220273846,-20.345915983900557
2001-06-28,-14.780505335840836,3.953118381554808,23.548116618253133,-20.16325076240389
2001-06-29,-13.73551304841277,5.609599476365627,24.219294549536585,-21.623019916000626
2001-06-30,-12.807745978102805,5.323862596897158,23.498570019789586,-21.67388980679308
2001-07-01,-13.176934542067018,6.400733316313564,23.863164644634598,-21.315258257757698
2001-07-02,-12.316445569841694,7.409707001844923,24.768397905900976,-21.87162033885107
2001-07-03,-12.706911522770078,5.682291668824602,24.74155422775849,-21.939676046954574
2001-07-04,-13.211158106728611,5.340564669060409,24.852338010601816,-22.96782530152605
2001-07-05,-12.002913411874475,6.045599250157093,24.97596925951739,-22.590730396230875
2001-07-06,-12.155940681078345,7.090047817796966,25.409013109146464,-22.08037487710008
2001-07-07,-11.491206265858523,5.799774574294274,25.750960928707055,-22.25344087966723
2001-07-08,-11.603144303654116,6.307446355366337,26.218491143040215,-20.817701886118297
2001-07-09,-10.90321387974101,7.391562169562139,25.490952281101034,-18.716072243332285
2001-07-10,-12.293623006624445,7.886834591182667,24.493202144537808,-19.214843882664795
2001-07-11,-12.542433930464126,6.799886997094013,25.675726187877142,-19.57360575729439
2001-07-12,-13.30285810291783,7.236035513736855,26.386459983608884,-18.237534615930564
2001-07-13,-13.45814631966084,7.6725680804530025,26.83715602422795,-18.884464904355134
2001-07-14,-13.852828073195248,7.993505772008386,26.678229826102463,-18.06870876239281
2001-07-15,-12.93577743997998,8.584063833852984,25.03801104927363,-18.487413909649845
2001-07-16,-11.617918305760233,8.037696354161346,24.04709724711356,-17.470084638812715
2001-07-17,-11.563265266908658,7.295173859753786,23.328178255402136,-16.904564989847884
2001-07-18,-12.453548869904076,9.293093378707951,24.00713216752829,-16.3547367966739
2001-07-19,-11.960436304112342,9.10179793639707,25.06746674478373,-15.252714640830114
2001-07-20,-10.56076892795748,8.500633337383466,26.56995873919627,-15.517876669276571
2001-07-21,-12.712763815803235,7.443703358143045,25.965982571532077,-17.280442282909483
2001-07-22,-12.05038029547966,5.819017383974668,24.91222952378734,-17.07549278480106
2001-07-23,-12.758068397361871,5.973250523881928,23.55385351702399,-17.758181789205835
2001-07-24,-12.7236978584237,5.783714542992134,21.42965424853852,-19.965831742823095
2001-07-25,-11.403095914226796,7.547577665737825,22.207746834356897,-19.865988226533982
2001-07-26,-11.503970662718796,5.794907016178671,22.53736867810542,-17.301433694377238
2001-07-27,-12.189781044705295,3.9855974078758627,23.42238400641108,-15.904753088541337
2001-07-28,-12.267325228669387,4.682407296839878,22.933769117125316,-16.493447883542828
2001-07-29,-11.74371311833156,4.304806122402015,23.640747058788023,-16.613463493143154
2001-07-30,-10.522229831863479,4.094932489286809,24.44923668575227,-16.285387306788344
2001-07-31,-11.41872317924871,4.164249710484563,23.343856312967493,-16.098462034442665
2001-08-01,-10.792123549855692,4.521666029104278,22.901121487799717,-17.48703617705754
2001-08-02,-10.889897054506527,3.0334347474013335,22.552221581843686,-17.37484872610518
2001-08-03,-9.061122192163475,2.7622607861432718,23.677706203820737,-18.181148920771594
2001-08-04,-9.527018709060487,5.23665178721346,22.70124524567178,-16.48339314141092
2001-08-05,-8.80233800686161,5.836854084542373,22.42257279375267,-16.288730064071164
2001-08-06,-7.38195239077328,6.509926349379508,22.712873361267803,-17.547799950036385
2001-08-07,-8.227875758105164,5.840226469356525,24.386119634166214,-17.488550625372095
2001-08-08,-8.553976381317009,6.040258825467469,25.73879067455747,-16.90489378827991
2001-08-09,-7.4313320155242355,5.935901630601405,25.984858625159227,-20.17098155242723
2001-08-10,-5.7046415730234425,7.398437008300475,25.715310097254257,-20.332440123874783
2001-08-11,-6.791309351964215,7.776206328580864,26.101095451127506,-21.53387305706973
2001-08-12,-7.795521306857985,7.84680899204379,26.348203226253595,-22.544366944681855
2001-08-13,-8.094509283170938,7.566923814858212,26.079808940082987,-22.99771267974067
2001-08-14,-8.502985724450555,7.155934536784801,26.911359294082583,-22.58586386245091
2001-08-15,-8.226717297235211,7.770748298480527,25.56999559187696,-22.096140704391008
2001-08-16,-8.274559469942405,9.080443420825421,23.68572717337469,-23.40227137008731
2001-08-17,-7.533289445932417,9.144131564658002,23.362432852380692,-22.563016178057314
2001-08-18,-8.682229475301172,9.106495211427394,22.582804867308415,-23.921436675717707
2001-08-19,-9.239500191341746,8.181665734639845,22.454817633099957,-22.655567605791145
2001-08-20,-8.993535336198573,8.989335840695713,19.72446594529645,-22.95410080156794
2001-08-21,-9.51998901386849,7.8083957000372335,19.424999406030338,-24.148956826278052
2001-08-22,-10.661026467691366,7.93044968645102,18.029809104137765,-24.111764687081653
2001-08-23,-9.251078711528617,7.152736116012881,18.035301767859327,-23.001368304552123
2001-08-24,-7.536848231979194,8.244758417074449,17.906472292458915,-21.91574278905304
2001-08-25,-9.423233675606543,8.969248824197342,16.818274475338846,-22.95753104932
2001-08-26,-7.258463366055571,6.753352165163308,16.598526886468036,-21.378853180105335
2001-08-27,-8.587388406805136,5.914084773853878,16.35768305524559,-22.461277786539274
2001-08-28,-7.708786767447986,7.752077826977386,16.5382298717604,-23.97775739880139
2001-08-29,-7.928963911347243,8.097238075451283,16.495038280653045,-24.70909937645887
2001-08-30,-7.41125279188199,9.771743119934982,16.654450650301854,-26.310453534354654
2001-08-31,-9.442829382513288,7.653826501659996,16.12062306815482,-26.217900873605988
2001-09-01,-8.075281530825167,8.17096788118578,16.93064771554566,-28.235774058997396
2001-09-02,-7.698321423570751,9.28128962519153,17.99071524078633,-28.263951469477963
2001-09-03,-8.062459052277028,9.423002988776261,17.885067802181048,-27.370946737585847
2001-09-04,-8.174576303838831,9.243455595879654,18.483036264151036,-27.182587728445476
2001-09-05,-7.666462496460125,8.592850050624783,15.953934974328853,-26.022948364425957
2001-09-06,-8.999081457962987,9.48274131231175,14.93483386680164,-27.45502595631783
2001-09-07,-7.259952196413022,8.343360143959814,14.076590007122268,-27.08282214112188
2001-09-08,-7.331709770129817,8.323728900391005,14.85230254157704,-26.272395688811148
2001-09-09,-6.503470145543025,8.955307313209351,15.252314105982787,-26.109857972014648
2001-09-10,-6.16733881488054,8.53047674210901,15.009211972911476,-25.334250073331447
2001-09-11,-6.198155925371244,7.929427002945967,16.528170385472833,-25.155262920079902
2001-09-12,-6.272728683172514,7.990526223983694,17.301429147034085,-25.587241415369576
2001-09-13,-5.930481808678246,7.423745950460892,17.014157544210985,-25.383372413338495
2001-09-14,-5.621112648738363,6.729206376319259,18.680685735959678,-25.455788958818484
2001-09-15,-7.144871261419218,5.331820464893759,20.335083817599966,-25.870167720900376
2001-09-16,-9.545814709665626,5.121546014108875,20.722309988194905,-25.501595136177748
2001-09-17,-8.420285776819082,5.961583170130987,19.64923768319808,-25.305882557380837
2001-09-18,-7.668590620573134,6.321699750628537,20.095190437367343,-26.283484974463843
2001-09-19,-6.915539615413954,5.700381325750001,20.32170340241024,-26.277172517305452
2001-09-20,-5.799396554120835,6.521410950519775,22.58134768537503,-26.838266192124046
2001-09-21,-6.803468179857408,7.545859591503962,21.31285097873403,-26.76111697014173
2001-09-22,-5.723604552644815,6.643465026391009,20.410319874198123,-27.412999614058997
2001-09-23,-3.9628573154319975,6.646056694395219,21.725622210190945,-28.431018279932978
2001-09-24,-4.570800655694923,6.7935033589444185,21.936379611011127,-29.1768973311928
2001-09-25,-5.409596333268157,4.920085902980482,22.71579429834851,-29.549423921622918
2001-09-26,-6.2770869099158695,6.691278933046879,21.162972078133862,-30.32143524569335
2001-09-27,-6.305910674187379,7.447175228158524,21.256771550827036,-28.450149108267272
2001-09-28,-5.4779198925059385,5.7505064787135085,21.815295098651138,-26.633292573970333
2001-09-29,-4.64729415149837,4.948658251560752,23.154641959478703,-28.161225512148818
2001-09-30,-2.229510882755167,5.410560408275958,24.749174912372602,-28.305001936097515
2001-10-01,-3.196574165210972,5.888910554977524,25.04898910603115,-28.460055367272286
2001-10-02,-2.957848139374343,5.473505372628728,26.06722558934945,-26.510830197980027
2001-10-03,-2.6825487888256605,4.2697933727606125,25.933333292934485,-27.636827426758686
2001-10-04,-2.705716048805091,2.4985749930547745,24.96908689529335,-26.789518253891554
2001-10-05,-2.8003482126370622,1.8593767587910195,25.84693334050945,-25.830731558019732
2001-10-06,-3.308502536094939,2.8874134469815065,25.126517514717598,-25.605866070682158
2001-10-07,-3.3140125074555162,2.9989906040814818,26.055903785638332,-28.04587677272357
2001-10-08,-2.24012567484172,2.3703942370600575,27.725197451610953,-29.46674394076606
2001-10-09,-2.975259624186818,2.585401617620593,26.55097526854946,-28.563556960703483
2001-10-10,-3.1590358384982213,1.904089770183118,26.22494696024524,-28.617432700377876
2001-10-11,-3.1156311633499323,3.4393764026918676,25.83089338205759,-28.02072700458178
2001-10-12,-1.9747909508630157,2.8577605165802895,26.174124724732465,-26.963082757629888
2001-10-13,-2.1575782915054242,1.8858722559868204,25.557028090549327,-27.45851994737024
2001-10-14,-3.6555269673088047,3.2595986817358313,24.20298301204349,-29.405536603839323
2001-10-15,-3.768429657528076,3.2672200576657633,25.492709955268403,-29.013791069076085
2001-10-16,-2.7211754342511734,3.149105994988106,26.45693794942677,-28.78156398210847
2001-10-17,-2.1971617224180795,2.6723056726243586,25.698504487562122,-30.3398982731305
2001-10-18,-2.5673331947412747,3.1469219784239577,25.350822849617447,-30.945442080665465
2001-10-19,-1.1104538479221449,5.933244586409286,24.779505329288025,-31.303343907198364
2001-10-20,-1.3519643363894083,5.396640571054542,26.7429301112685,-30.707440231347114
2001-10-21,-0.7077818623913229,4.49464056126752,27.557827681991345,-32.45604727443801
2001-10-22,0.16440652991487548,5.5938425985739215,27.008168065209148,-31.75821126305355
2001-10-23,-0.5477991989184842,5.3932470038581455,27.442117808923975,-33.2837836926629
2001-10-24,-0.08639454710201666,4.712428688132033,28.070437634404392,-30.88289637011773
2001-10-25,0.6406474620213429,4.213128132585536,28.864559039706727,-31.70760011041753
2001-10-26,-0.10782119364884213,5.152227160429571,28.898550189660305,-31.366115448123345
2001-10-27,1.627398919752848,3.865567798843359,28.549385661386495,-32.46236291622099
2001-10-28,1.1229066322338015,4.514068969894437,29.6268213681937,-32.48541380096368
2001-10-29,2.287029967443978,3.4502683191683996,28.69316791597101,-34.76328018361832
2001-10-30,3.2239786371208785,3.4541052758958766,29.746602097608207,-34.01369136419867
2001-10-31,3.7005365728043693,4.875538418369414,29.30349849946082,-32.979621542723784
2001-11-01,4.045009107575366,5.463053200546268,28.997442504644408,-32.13724967617812
2001-11-02,2.5295347026752193,6.659074592112946,27.698540119141047,-31.338097542813458
2001-11-03,4.230098888080906,6.728949103729897,27.14825624222808,-32.95026767234573
2001-11-04,5.008134149138924,6.7343236005248075,27.239806401823152,-32.66377596461105
2001-11-05,5.027913874057987,6.631784444368307,28.758949475653502,-31.756202770074903
2001-11-06,4.612187735453769,5.54239855220394,28.656583747470517,-32.4263517679932
2001-11-07,4.837739755432033,5.081604573025359,28.366674964639607,-32.44018863227235
2001-11-08,4.244062334416513,3.626113196269669,28.651038896582566,-32.6642430766173
2001-11-09,3.606560441019561,2.6034641106589955,29.020154520463663,-32.68912289703454
2001-11-10,3.838651176577862,3.1573236839833614,28.155350285178756,-32.79205799183187
2001-11-11,4.3099689458356,3.7444056140358724,28.106151408715462,-32.90103500550187
2001-11-12,3.4740482457141306,6.030267998996461,28.06699830363561,-34.003328896314024
2001-11-13,4.5216147898084955,7.416352860130795,26.542098231803948,-34.85389367653503
2001-11-14,2.590714389378552,8.400752547841826,26.63066851738867,-34.879460793660314
2001-11-15,2.6964342739430873,8.923444271077338,24.220821135692955,-35.044825064119195
2001-11-16,3.5291938845750646,9.476033109256072,23.704012216021855,-33.229394288576486
2001-11-17,4.771687727271933,10.298023835459613,23.701001296954654,-33.68609076976591
2001-11-18,4.880609419205537,10.278530757887207,23.867873224487372,-33.94107384445982
2001-11-19,4.522646848142328,10.254169267357161,24.438875869051998,-34.574024780335236
2001-11-20,3.3353150477375397,11.343239047648819,26.05263095400477,-33.87148016985903
2001-11-21,1.5700278130413214,11.113087628209371,25.793778687770114,-33.68149887413873
2001-11-22,2.145558455340433,12.66916961575547,25.582739187205718,-34.2091334541847
2001-11-23,2.7369606698120643,13.695462689319795,23.90044539779033,-34.45409232964489
2001-11-24,2.0090458663627473,12.997145550865987,22.912599159865366,-34.52912113250701
2001-11-25,0.38132710031782757,12.302344961355862,22.540665282485946,-36.44838274454044
2001-11-26,1.1200459212692497,11.438416840985237,23.00652982848909,-35.91236319350515
2001-11-27,1.6166193723775288,11.74198656284478,22.33644042869998,-36.44529628705144
2001-11-28,0.3618036503235933,11.838038071273923,23.451083192706147,-37.01944340398273
2001-11-29,-0.23013386191556484,11.74362268250875,24.267809839469017,-35.714432429721
2001-11-30,-1.0109024197028442,11.666136757151591,25.95600321728557,-35.49915640508748
2001-12-01,-0.29938960746271626,10.77547961005352,24.83101025066175,-34.704792821752044
2001-12-02,-0.21366883700867767,12.107720954756852,25.535343921746055,-34.310234130931086
2001-12-03,-0.3153266721532343,13.158012338498823,24.21211617124824,-35.41077848028615
2001-12-04,0.5643035192094066,12.62916219323411,23.499132655823143,-37.20866473551216
2001-12-05,-0.24679914743290732,13.602354433612467,24.26777601266382,-36.69294290909143
2001-12-06,-0.31101435137309463,13.016396364757465,23.754935209655553,-37.44368357191885
2001-12-07,-1.3047268280543518,12.981126929147946,22.971197419294594,-39.05800583096137
2001-12-08,-2.362887022621256,14.847603840961085,23.578935139840098,-37.21374430947757
2001-12-09,-2.944050067078832,14.570651948534664,24.697377838016138,-36.99915776438605
2001-12-10,-3.044392901761769,13.727786350612762,24.096168182756927,-36.97080067912338
2001-12-11,-2.2869527209255147,14.369218745928746,23.77005908347188,-37.307734508617955
2001-12-12,-2.6343173283682746,13.621951400023635,23.895683890540607,-36.477235755331776
2001-12-13,-0.8560499151181693,12.044260166952597,22.63269590847284,-36.02958471804704
2001-12-14,-1.9944150983273619,12.032797485447317,24.059354610378335,-35.004881412172594
2001-12-15,-1.841985665046488,11.778300946578304,23.88909420384215,-36.79829403485696
2001-12-16,-2.0260056715324293,12.520111522819134,24.026019199156725,-36.79423646979652
2001-12-17,-1.9678177282435079,13.69447607221794,25.30213853241862,-36.05041068674874
2001-12-18,-2.6102772997897574,14.130093217271495,25.714246809682795,-34.8252841820062
2001-12-19,-1.1074883436439626,13.879477879077173,24.7496714396088,-33.78606117276229
2001-12-20,0.2911712841050642,15.227352864003082,24.734458300254502,-34.904908703178684
2001-12-21,0.0026499970149700958,15.956382653831065,25.29410403613938,-34.197996804659276
2001-12-22,1.7237476834808307,15.986715082170145,26.69313980992956,-35.93386561047606
2001-12-23,-0.8876785327437864,15.872292411655595,26.73937110815707,-35.47326313038963
2001-12-24,-1.642565627715835,16.367889109718366,27.266385630316442,-36.096538896731424
2001-12-25,-3.0299779709507817,17.55313524904232,28.272301793216787,-35.72416063681575
2001-12-26,-2.820528027603689,18.233519112598195,29.401454976637083,-35.61935445850555
2001-12-27,-2.628087690483881,17.087585900447667,28.540868111625127,-34.869929086925154
2001-12-28,-2.919998630527091,17.690913013156006,28.61725561999837,-35.747339015300234
2001-12-29,-2.5541863631505244,18.66490055827173,28.515989494106282,-36.51452156476084
2001-12-30,-2.8902952638758173,19.527752255131933,26.90152180661262,-34.76565258474172
2001-12-31,-3.055738004986686,20.834258574049414,27.424948593524583,-35.452926780572575
2002-01-01,-5.035299907048992,19.928806477278197,27.342265232817716,-37.25188381594669
2002-01-02,-4.794733180571718,21.503802884132774,26.75763534856204,-35.9412300729291
2002-01-03,-4.334914986382711,21.40492121383987,29.175128603699893,-35.739240628804716
2002-01-04,-4.179179099179123,22.147448066491204,28.810650131234972,-35.26504004447863
2002-01-05,-2.8285100399313867,22.813766426086232,28.10602284531771,-34.59433381660243
2002-01-06,-3.7322238248198105,23.143628224645465,28.253644032000835,-35.820384018774604
2002-01-07,-3.8404412201067726,21.824999004308886,27.957604008917507,-34.648260837952584
2002-01-08,-2.5678494836216563,22.483603437355097,28.311746534478996,-35.44478196893383
2002-01-09,-3.043397823077325,21.949460012740875,28.364001256302288,-33.57644435375896
2002-01-10,-3.388513689456844,23.137506559977723,28.227757610513475,-32.66906475272798
2002-01-11,-2.539485916860057,21.144913307247457,31.260552772947054,-34.126170392511874
2002-01-12,-3.8289604931231906,20.982499785699925,32.161444392048274,-33.88021147565455
2002-01-13,-5.505083121417453,21.326891048008,32.496948336126906,-33.655180577060904
2002-01-14,-4.220697621009523,23.27950620076361,33.52809024737334,-33.13114444792119
2002-01-15,-4.956322909734532,21.26531270203916,33.58824663670535,-32.152791316138
2002-01-16,-5.396623377353507,19.92316814103799,33.400133888040195,-31.70958360443458
2002-01-17,-4.325793266024976,20.839497572487257,34.22400536215198,-31.635780921549735
2002-01-18,-5.090823407893393,20.54784813196954,35.76285112514851,-31.35577175021552
2002-01-19,-4.605615937960397,21.129338962212508,37.76354820651517,-30.501001632315333
2002-01-20,-5.544612913387854,21.48427689765596,38.29912244459078,-30.580109953467367
2002-01-21,-5.153091187899519,21.913815765859038,37.01878781569579,-30.26108980174625
2002-01-22,-6.827906153572325,22.397141898978152,38.21060073699366,-29.508213514975857
2002-01-23,-5.693726076649158,22.46706815223801,36.89578509977889,-30.066908228855677
2002-01-24,-4.083810547331958,20.528452443559576,37.30332440401564,-30.85593352036766
2002-01-25,-5.073797210049327,21.65620590244766,37.650776262688844,-30.082685535713008
2002-01-26,-5.639093425659281,22.46640357520323,39.40526415929813,-28.813657992618573
2002-01-27,-4.229898934425745,21.616306514986277,38.678922377014,-26.632673234356602
2002-01-28,-4.871690561012837,19.257130255822368,39.92748886914861,-26.144034422054812
2002-01-29,-4.4165596286603,19.36523040274917,40.10625596735777,-25.43712390805791
2002-01-30,-4.485090279986461,18.98472101656677,41.66853153235667,-25.23173644322121
2002-01-31,-4.448324565411951,20.128168239017796,40.60910342558298,-24.829406633343176
2002-02-01,-5.189266460851931,20.26651846986931,41.370057984543685,-24.40000020262946
2002-02-02,-4.134787627743047,20.882617836809402,43.68809372103976,-24.535554186457095
2002-02-03,-5.532383196249871,19.325894574641524,44.21163824867588,-24.415722362172524
2002-02-04,-5.00400153633679,18.800269226467762,41.971770680219635,-25.35551893470931
2002-02-05,-5.303927280833221,17.431342013349326,41.42272200065159,-24.713901738933274
2002-02-06,-4.987058299127728,16.449203996459357,41.43786560850367,-26.704335663577446
2002-02-07,-4.955571989819723,15.463653300921521,40.3125835991496,-27.523686188567773
2002-02-08,-5.8650334865285085,14.464171594680018,38.45797752575214,-27.193353572649936
2002-02-09,-5.671040466475432,14.217329347560613,38.2205288096701,-27.393261402059903
2002-02-10,-4.446877799262807,12.899615428807039,38.47651524199929,-27.72995487622107
2002-02-11,-3.868504638645711,14.427605663658042,37.72769858467194,-28.72620216181902
2002-02-12,-3.4497541795857893,13.820832855458708,38.891726608796255,-27.347074412671653
2002-02-13,-4.545201592944114,13.520707227404998,38.19691499669549,-27.01294685941624
2002-02-14,-3.9449911318220416,12.961422991376107,36.851056530876996,-26.771413727237984
2002-02-15,-2.521129227038039,13.02106274055323,35.89039525876654,-26.616910844964938
2002-02-16,-3.707595615205366,13.695486251464644,35.86566159313929,-27.860314549562556
2002-02-17,-3.482968996940739,13.321759332921632,35.70494038856854,-27.529445681924923
2002-02-18,-2.5109831132161857,12.774801930879898,35.992824993812164,-26.2066571650786
2002-02-19,-3.8196216456623606,11.805555835686837,34.95577968981942,-25.83008043109524
2002-02-20,-3.9505222305906926,11.099913187453554,34.12709122998172,-26.109514277266353
2002-02-21,-4.728050994606779,11.710598707503078,32.65718510251674,-28.74325219162935
2002-02-22,-4.392002539225126,11.735090993054554,33.982237116391524,-28.24304919509585
2002-02-23,-4.845521746346404,12.377759048156015,33.73899707349701,-29.323654153291812
2002-02-24,-5.532627164290926,11.415094063197387,34.12821592497123,-29.526049909581854
2002-02-25,-4.094127953545614,11.415922573725531,34.05720759253376,-31.107731319207396
2002-02-26,-2.841155460251229,13.182718466893578,32.85275404075396,-31.679352272592215
2002-02-27,-3.1484061579047617,13.306443394490454,33.433928202286125,-29.752285801096896
2002-02-28,-2.859782389857984,13.806559297980323,33.34704459657983,-29.72959508118685
2002-03-01,-4.5385242178511405,15.072109942359653,34.157889959226125,-29.750549890540757
2002-03-02,-5.215468033194927,15.602330671328437,33.81153128045846,-29.47074970043371
2002-03-03,-3.8465348927845584,17.084481775026948,34.382740772180426,-29.86772939595304
2002-03-04,-4.964549678238091,17.066830228255053,33.59120768316905,-30.916128333218428
2002-03-05,-5.521003824932455,17.585326231071008,33.31771814303851,-30.873525907547425
2002-03-06,-4.863412256151547,17.558461818767046,33.051996378960766,-29.91714402767443
2002-03-07,-4.694130910771133,17.71992301300764,33.598824624371424,-31.111433982974148
2002-03-08,-3.2671527906275193,18.380187056682736,34.26062261022725,-32.147565264644896
2002-03-09,-3.4446614916219227,19.36828617828062,33.834241059089415,-31.336309899982325
2002-03-10,-4.290646935365863,18.765525781172457,34.11675342413508,-31.841232264195945
2002-03-11,-4.155013696050945,17.99626662811631,35.53655791221204,-33.605978310232224
2002-03-12,-3.4117610890241705,17.55228428373591,35.047479466678276,-34.08865239573512
2002-03-13,-3.004840733190055,16.08666591164915,34.751880581085004,-35.68961302967326
2002-03-14,-3.420218691436286,15.422718061479925,34.230060453901444,-36.6803286126257
2002-03-15,-4.447157177232031,16.422982813355954,34.299488011450606,-35.19709261966768
2002-03-16,-3.477502837689139,16.086656683632796,36.36231784154254,-33.917887101934156
2002-03-17,-2.4837709302026245,16.20334387616668,36.07138329494951,-34.36074237104323
2002-03-18,-2.4608657467421278,15.310593596117629,36.130716758053424,-35.45019593357953
2002-03-19,-1.0695366779753874,14.085583418562178,34.68512743700953,-33.03068229549288
2002-03-20,-1.9021641391034372,13.990003717549804,33.53660775912184,-32.77500211969211
2002-03-21,-2.2068273150043063,13.232468211093723,31.98951768220209,-31.134356660928155
2002-03-22,-0.4803808290434908,12.439449461141477,33.13317169076289,-31.274284505384824
2002-03-23,-0.44264824553004495,14.230071155713338,34.15042803181036,-31.681694109266992
2002-03-24,-1.2692333812075811,14.767584308840785,32.11384938464989,-32.32926421745634
2002-03-25,-0.3768927830143618,14.417493076289851,30.8644563615141,-31.91759545045136
2002-03-26,-1.112043736928623,13.369467553237028,31.10912383331989,-32.22998539457115
2002-03-27,-3.9617935396121244,13.841948659435051,31.467748983681638,-33.9265083811857
2002-03-28,-2.031631590342629,14.027574010209545,33.8814611373617,-35.02607255587919
2002-03-29,-3.645210969975506,15.073698107439709,34.11788189144662,-33.68992820017265
2002-03-30,-2.8785168084899158,14.540684731203239,34.59110068233829,-33.55152816591209
2002-03-31,-1.475132057690459,13.868306979785235,34.634014346569586,-34.73039860487459
2002-04-01,-1.609194331387683,16.755833333495605,34.58839659035317,-35.514111104161074
2002-04-02,-0.17687434464033314,16.74299749041205,34.81468297378241,-37.477286063201305
2002-04-03,0.9485153103703643,16.06246516074434,34.35592034072511,-37.315887394112714
2002-04-04,1.330486612922693,18.02254098736399,33.21690932480047,-38.533691859633706
2002-04-05,0.6508838463492749,16.842179570615308,32.162786913397134,-39.708975268354145
2002-04-06,1.5150237287271089,15.56619945830409,32.080783800329186,-40.47822595347679
2002-04-07,1.414261652750341,16.071279321298494,31.576974067355597,-40.193323224730044
2002-04-08,-0.07021992386858877,14.933653859026316,32.25116250139919,-40.08288077749268
2002-04-09,1.5755050785459161,16.403458758104232,31.773975828631976,-40.081205495666396
2002-04-10,2.253307826284725,16.895410713590977,33.729849789411574,-39.44065731087179
2002-04-11,1.531197088743542,16.05576588113987,32.18652831455982,-39.03171872069825
2002-04-12,2.5909123074777924,16.580755458740438,32.03235737777716,-39.51833070616263
2002-04-13,0.9678798248592697,17.224495679069815,33.04714922345808,-38.09167238583156
2002-04-14,0.6244220660083805,17.0585347706326,34.420812878086736,-37.61059054966046
2002-04-15,0.7356066197775684,16.623900380938203,33.14655006515502,-37.41763437264674
2002-04-16,0.24959841057217924,17.71971662938788,32.74986266236106,-37.21520659591797
2002-04-17,-0.6705310769688708,17.396133250084585,33.17920367724578,-38.292534928871675
2002-04-18,0.1216057365274501,17.446414778927096,33.53354327846105,-39.30431615136272
2002-04-19,1.4089818687557507,17.074348712504936,34.89858880541314,-38.50822000436407
2002-04-20,2.5585997654324437,17.559889396169687,35.5279587536692,-36.69584716585914
2002-04-21,2.6865820759754997,19.045709592047885,36.129749095697285,-38.07460412435438
2002-04-22,2.7179653365106438,18.20736914469284,36.245808789394836,-39.620883160436776
2002-04-23,3.989316672073814,17.624585465309323,36.19890241107254,-38.98248652430439
2002-04-24,2.6116397167392105,16.571926047879185,37.12341140652825,-39.82869337366741
2002-04-25,3.086930025285682,16.132854813310708,36.43493952038855,-39.85907908796356
2002-04-26,5.287522171192558,16.30593117721766,36.86136173143954,-38.3055191540414
2002-04-27,5.075403399693248,16.59160618679957,37.38415350748258,-35.98776270658135
2002-04-28,4.509778028459294,16.55617516847967,36.336696250921264,-36.61165235755955
2002-04-29,4.450287184264816,17.337569963519524,38.519212665729604,-36.32661933503488
2002-04-30,5.576721870787159,17.677785784153414,37.6339956439655,-36.158935305397684
2002-05-01,5.451486838289022,17.626327830667144,37.39633363790329,-34.93079715680961
2002-05-02,5.583773273839239,18.47921815596193,36.93040629403036,-35.729059933708854
2002-05-03,5.519675909932338,18.44347148843203,36.925757748287054,-32.8343515103549
2002-05-04,4.8826876267648,18.742900884490407,36.03289556356427,-32.04843011002328
2002-05-05,5.374115062296807,17.18187078248417,35.82556269265553,-32.95617497919881
2002-05-06,6.291472141884385,16.56318667540968,36.65038011512869,-33.024130077870964
2002-05-07,5.274049696243349,15.588119168664026,38.12996088894869,-31.772290980001557
2002-05-08,4.605875817418277,15.660442303965013,36.174861926182416,-32.440341194975645
2002-05-09,6.307937249524199,16.81027190638717,35.97932636372032,-31.273096997992155
2002-05-10,8.341488895424764,15.963304309253243,35.668667505692966,-31.428132568461223
2002-05-11,8.292462002266316,16.495507081613543,33.80531933370678,-31.28505859472431
2002-05-12,9.229670183028983,16.58244421751845,32.428807906805844,-31.675752290039505
2002-05-13,11.2959028852915,15.535980262451988,33.5070523767199,-30.603035900522826
2002-05-14,11.37865832787068,15.735491670716973,34.8929399689978,-30.485950195651128
2002-05-15,10.726767954457507,15.718028975922795,34.72677673453063,-30.88413945385462
2002-05-16,12.643005069319562,15.080402432220065,35.82291223522126,-29.891765698860315
2002-05-17,12.298837346594276,14.90582021002916,36.519902888381864,-30.72575593135212
2002-05-18,13.410703493906595,14.230399834813513,37.50052001487931,-31.84049692021145
2002-05-19,13.756438420159014,14.81296547379331,37.68618696369525,-32.10827287831667
2002-05-20,15.40041521003355,16.26608939422756,38.92674834380341,-32.847087161701026
2002-05-21,16.513360883034032,14.40227427359111,38.07602587490954,-31.664008554751742
2002-05-22,16.890689326529053,15.072313933839828,39.17356571945034,-32.56484720277672
2002-05-23,16.268366687545036,15.804998246239702,40.32996607361788,-32.761894080291306
2002-05-24,13.771693826711012,14.614678956961917,38.78490766612408,-32.23914432702282
2002-05-25,14.355916133054157,15.141141742075895,39.03413999845116,-32.14988329500954
2002-05-26,13.478150451955674,14.167295136329406,40.0722917039939,-29.994270389862944
2002-05-27,12.750318415916313,14.043771428436907,40.528272144599896,-30.423817510705312
2002-05-28,11.975961514681604,14.411226453119529,41.638983366952345,-30.063586861386206
2002-05-29,11.259063859088565,13.897034187361806,42.69175163526332,-28.58101452993817
2002-05-30,9.835093499875748,13.681599405675474,41.56798934719657,-28.121920958631055
2002-05-31,9.106782685787742,14.245974225051375,41.35006558646642,-27.379312902269966
2002-06-01,8.462202902242694,13.11912380788404,42.30239039078062,-27.323605169208847
2002-06-02,8.134711871538224,11.506396657979463,42.76665119572362,-26.708880406298476
2002-06-03,8.527282152334553,11.87920724616975,43.075606214469474,-27.242755728031096
2002-06-04,8.22059108446627,11.364722385664695,43.271116924746316,-27.510507408873607
2002-06-05,7.335217991437813,10.938294919008824,42.626215350536725,-28.098785457550395
2002-06-06,6.666815766516802,11.605496527863012,42.673492433633164,-27.69197684700056
2002-06-07,6.66069746025154,9.094873822021178,43.51162899344497,-28.153672038522956
2002-06-08,6.221695328326151,9.24768181403824,44.64589860089776,-29.240410493459294
2002-06-09,7.167639317933544,10.163231307375055,45.15324803579677,-28.766440628522673
2002-06-10,7.841772819692432,8.239530135264761,45.671731389637344,-29.569682551745423
2002-06-11,7.2093614090236215,9.435252275190683,46.338152441298234,-30.37059633040023
2002-06-12,7.8261286319142584,8.14831894442963,46.142700733074335,-31.465566478949846
2002-06-13,6.914955062786149,9.759334548475255,45.68293315233592,-31.436054729519686
2002-06-14,6.433939988944953,9.760033156814599,44.604115587083704,-31.04439025884424
2002-06-15,6.651609462061929,9.898134995783103,46.344072319122674,-32.75256137176624
2002-06-16,6.731172340761138,11.984981011830865,45.86128539009617,-31.183971756505006
2002-06-17,8.767863775694176,13.754566596700784,45.270516417884316,-32.48107541051697
2002-06-18,7.564884266433476,14.748122489257437,46.40223203627505,-34.243765808403914
2002-06-19,7.33249786356557,13.642131307646544,46.55434492372211,-34.610405149825866
2002-06-20,6.326583090548908,12.19295698762286,46.75863387003836,-33.889021793693445
2002-06-21,5.144900846667406,12.37903319135378,47.84907493758689,-33.66698714508834
2002-06-22,5.274798964504934,12.990296882596734,45.98557216603469,-36.15673597612933
2002-06-23,5.509403999869196,14.056122593043275,45.370670820764914,-37.519582504953185
2002-06-24,5.900531258806747,13.263801648577104,45.887833980366956,-37.30395367510134
2002-06-25,6.156685662114243,12.479594658542576,44.792223597330704,-38.49927043630399
2002-06-26,8.039572536868059,13.718218417504968,45.138887804074926,-37.965766027546586
2002-06-27,8.2402739846909,12.348217651183136,46.12861818912743,-37.93854910055522
2002-06-28,6.382954713836419,11.967541723148148,45.66289798402469,-35.615360183538314
2002-06-29,4.7209309767435546,12.96694002124285,45.39990088758702,-35.92324260825399
2002-06-30,4.1607941615130555,14.17781956128453,43.53488971802999,-36.71260609830812
2002-07-01,4.4605557342847115,13.737077556581285,43.837523313660476,-35.91471617324165
2002-07-02,3.6756987095502343,13.047344637441531,42.72526723343881,-35.51580449764425
2002-07-03,5.002952966644878,13.923407851869278,43.096849562921975,-37.50208765046194
2002-07-04,5.369269755876796,11.943276049660652,43.491912576220244,-36.475343594638545
2002-07-05,5.376675043256274,12.746082075114135,42.43240336057008,-39.772798836488484
2002-07-06,5.699689384564948,11.749413218540116,41.70339062901493,-40.970598244498866
2002-07-07,5.102434943538057,11.6270108003218,44.222180500074835,-39.09935919953153
2002-07-08,5.520221761320578,10.925593303662758,45.428632383464844,-37.373315660263465
2002-07-09,5.143408318293269,10.073251841808112,45.335101379044005,-37.492956574605905
2002-07-10,4.518866927443945,9.20619388348825,44.58884179895989,-37.351537645382464
2002-07-11,5.147659806878063,7.881550152667635,46.80951574220258,-36.69361862524218
2002-07-12,6.270211906494744,5.363934531337243,46.94465061565783,-38.293670871327876
2002-07-13,5.836815829980624,7.177043692848606,46.38358989848016,-38.869511313096524
2002-07-14,5.224440431496252,7.246350742104504,46.09329242808529,-40.074375328592176
2002-07-15,3.7839144704342447,6.8269621901879125,45.2196843298975,-40.049000702373014
2002-07-16,4.794004070099726,6.358693299619358,46.10767554885608,-39.97795232530846
2002-07-17,1.6883852945967788,6.421741740622255,45.57292394174899,-40.582986328076096
2002-07-18,1.000307283146591,6.164074259164672,45.96042725508506,-42.228077352563005
2002-07-19,1.4249258486429868,6.8373733392075495,44.41077303128202,-42.499244118717655
2002-07-20,2.653754742767947,6.2467790602814155,42.97371976168761,-42.97051357770324
2002-07-21,3.546828623056288,4.817425378292315,42.1365999692378,-41.563490042006066
2002-07-22,1.6551331698269007,5.068089465152028,42.454784581890735,-40.961785695664815
2002-07-23,1.3625158635222019,3.8197702119434336,42.08721412383895,-40.87570688924633
2002-07-24,0.21029289695011233,5.748001172659954,41.64027520262688,-39.57014002365565
2002-07-25,0.5343818148891016,6.126570181876872,42.426646593194334,-38.87830973798463
2002-07-26,0.1707929091983621,6.431052748043499,42.13915898375684,-37.85223927372254
2002-07-27,-1.4348424972502372,7.738237919675011,43.093331456598385,-37.38883005684523
2002-07-28,-2.7972103107026367,8.311535826508479,43.17551340716988,-37.816847133435125
2002-07-29,-1.7406874372672976,8.178195555681196,44.15012220397792,-38.54420705195996
2002-07-30,-1.6210418980342431,7.094004082690072,44.21644669290245,-38.61457316210127
2002-07-31,-1.1699018104189989,6.949078824348078,44.03181790616359,-39.77642796321618
2002-08-01,-0.6849626054391766,6.457490220572647,44.02407450759803,-39.30422201569143
2002-08-02,-2.2393004355889863,6.465611667526939,43.49549789867698,-40.31768722927257
2002-08-03,-1.1851362292425842,7.66606573072061,44.49124248260694,-39.90766975382068
2002-08-04,-2.002055556426228,7.951221196787229,43.004606876843944,-39.902325136919124
2002-08-05,-1.1441669748357786,7.298373534697264,43.551515247652944,-40.00528087316386
2002-08-06,-1.1974221746054836,8.682069339971257,43.471781804583976,-38.21760797385537
2002-08-07,-2.934100342007899,10.85308373749777,43.41332451204814,-38.858842515099454
2002-08-08,-2.6217224927326623,9.609542414420309,42.6027766494232,-38.692850798319384
2002-08-09,-1.4593443167431388,9.677881563534763,43.30981795167344,-39.36018854587991
2002-08-10,-1.8533850029018344,9.92716510257117,43.587525323574184,-38.30804039770712
2002-08-11,-3.4233764651025904,10.33540744489956,43.77533490215194,-37.891965497886545
2002-08-12,-2.948775407075311,12.098851127362847,42.57517826938819,-38.209191779122655
2002-08-13,-3.3742447296772555,12.68435965898556,43.20355507676188,-37.258294742900645
2002-08-14,-4.3427034351829406,12.362160907381373,42.805282483330174,-35.467453992131254
2002-08-15,-3.401157826179709,11.223003736022845,44.09429455023703,-34.179092170345164
2002-08-16,-3.7139507595101513,12.190371156280662,43.54411754675236,-33.41325198989499
2002-08-17,-3.601927094261965,11.325224724638243,42.61157923140114,-32.039489609770094
2002-08-18,-4.700130766707052,11.52687589915011,43.74898764910162,-33.52174859034387
2002-08-19,-6.288579427630294,12.21654017338123,42.258105173388415,-33.82367844257559
2002-08-20,-7.183374847565493,13.464158441030026,41.41639404515915,-34.474247779885154
2002-08-21,-7.368024810440092,15.558236991174017,41.13785224934787,-33.922029443755655
2002-08-22,-7.996967577633648,17.307656172633752,40.592379926325776,-34.623596926362865
2002-08-23,-8.232105275878586,17.200767231125727,41.17981930791753,-34.38159725358901
2002-08-24,-8.577856578724559,17.73719164456809,41.301705578837556,-34.357442789525805
2002-08-25,-7.20404013714378,18.073362241962975,43.07381334679518,-35.495516761190025
2002-08-26,-8.509100425710894,18.132393884453357,44.46307283615225,-34.83891782159313
2002-08-27,-7.236912435890183,17.60161412287103,45.134846385835914,-35.64018983266043
2002-08-28,-8.276282444106272,17.052551565255143,43.6477572767235,-36.323902141205714
2002-08-29,-6.0907300836380855,16.55424427969951,44.42438473290021,-37.31300462602815
2002-08-30,-3.801389243307831,16.64878795862119,42.40068543958328,-37.4589069473697
2002-08-31,-4.1520191726569635,17.021371831466716,43.297936638026115,-39.26834641154799
2002-09-01,-4.356345925340326,16.471602357800084,42.97595726965255,-36.99047704731711
2002-09-02,-5.988159057504188,17.30098741432828,42.38648623101422,-38.112427066892536
2002-09-03,-6.577054670198276,16.469934268506638,43.08096976681967,-39.86598185766202
2002-09-04,-8.104622490899043,15.85745533270074,43.070124639353715,-41.16399215144105
2002-09-05,-5.179498628857793,16.812680938908105,44.112161665569175,-39.21003756989166
2002-09-06,-4.194836268685089,17.33738240746296,45.02498387006126,-38.819620876512715
2002-09-07,-5.007763828323942,16.97195322660126,45.09795812876073,-39.35894386519078
2002-09-08,-6.857446393948755,16.17924275413611,45.4222032646797,-38.22076487693683
2002-09-09,-8.177295211182368,17.1997992267625,45.68623379325815,-36.40039956462958
2002-09-10,-8.466035645684698,16.792158931040664,44.776046212941026,-33.65995487472375
2002-09-11,-8.265348793165542,16.378317911995957,45.03907115141915,-32.008619538715855
2002-09-12,-10.859055746839147,17.043923754807935,44.290791261142566,-30.598477390563207
2002-09-13,-10.343475860203716,18.059437805269912,44.472614306418365,-29.89437825196155
2002-09-14,-8.542136195337124,16.99788953446578,44.876937318318106,-31.342750684237842
2002-09-15,-8.237311875671955,16.474488640209145,43.89032690360566,-31.504949948078306
2002-09-16,-8.496661096047415,17.220849068275438,43.661172270428985,-32.0999778732784
2002-09-17,-8.415509449726374,17.601645243220133,43.002621186959814,-31.547456562284747
2002-09-18,-7.941684078801476,18.396567069634788,42.38024782110297,-31.337622810288636
2002-09-19,-6.957207757094665,19.073982248046818,41.483415994723536,-30.60477256724148
2002-09-20,-6.2172754622095745,18.134710521412057,41.74434903881368,-30.4438158183612
2002-09-21,-6.286972669200306,19.100795118679383,42.05148059290699,-29.470222358316157
2002-09-22,-5.152029324747083,20.32679377567673,41.33860571982278,-28.830447004715996
2002-09-23,-5.076853320056342,19.93908234734067,42.20118221304602,-31.654980562187966
2002-09-24,-4.484376091477876,20.12152824283429,41.64439246283767,-31.909657791878438
2002-09-25,-3.401088677623414,20.734205436211056,40.59825406262254,-31.0392102255592
2002-09-26,-3.027583238859992,20.178975812926694,40.2217936470334,-31.287078644877475
